[{"created_at":"Thu Apr 07 02:52:34 +0000 2016","id":717907894201520100,"id_str":"717907894201520128","text":"RT @ctsa: I thought he was self funding. Weird.  https://t.co/m2WvpaCJfn","source":"<a href=\"http://twitter.com/download/iphone\" rel=\"nofollow\">Twitter for iPhone</a>","truncated":false,"in_reply_to_status_id":null,"in_reply_to_status_id_str":null,"in_reply_to_user_id":null,"in_reply_to_user_id_str":null,"in_reply_to_screen_name":null,"user":{"id":44102132,"id_str":"44102132","name":"Countrysquire","screen_name":"bobbycrumpley","location":"ÜT: 29.386702,-94.943466","url":null,"description":"Married, Conservative, former Republican, Texan, RCC member, Sheltie lover, Early Ford V8, Ferrari, Porsche fanatic","protected":false,"verified":false,"followers_count":401,"friends_count":536,"listed_count":21,"favourites_count":648,"statuses_count":13425,"created_at":"Tue Jun 02 11:31:56 +0000 2009","utc_offset":-18000,"time_zone":"Central Time (US & Canada)","geo_enabled":false,"lang":"en","contributors_enabled":false,"is_translator":false,"profile_background_color":"07090B","profile_background_image_url":"http://pbs.twimg.com/profile_background_images/123396500/xee7872a626819ab0d88b5b80cf3ab50.jpg","profile_background_image_url_https":"https://pbs.twimg.com/profile_background_images/123396500/xee7872a626819ab0d88b5b80cf3ab50.jpg","profile_background_tile":true,"profile_link_color":"C34242","profile_sidebar_border_color":"BFBFBF","profile_sidebar_fill_color":"C9C9C9","profile_text_color":"1C1F23","profile_use_background_image":true,"profile_image_url":"http://pbs.twimg.com/profile_images/704450680904241153/vYPNbpvy_normal.jpg","profile_image_url_https":"https://pbs.twimg.com/profile_images/704450680904241153/vYPNbpvy_normal.jpg","default_profile":false,"default_profile_image":false,"following":null,"follow_request_sent":null,"notifications":null},"geo":null,"coordinates":null,"place":null,"contributors":null,"retweeted_status":{"created_at":"Thu Apr 07 02:37:17 +0000 2016","id":717904047848628200,"id_str":"717904047848628228","text":"I thought he was self funding. Weird.  https://t.co/m2WvpaCJfn","source":"<a href=\"http://twitter.com/download/iphone\" rel=\"nofollow\">Twitter for iPhone</a>","truncated":false,"in_reply_to_status_id":null,"in_reply_to_status_id_str":null,"in_reply_to_user_id":null,"in_reply_to_user_id_str":null,"in_reply_to_screen_name":null,"user":{"id":19766278,"id_str":"19766278","name":"T.R.","screen_name":"ctsa","location":"Republic of Texas","url":null,"description":"I am a conservative, the most moderate political philosophy of all. Less government, more fun. #SicEm","protected":false,"verified":false,"followers_count":6980,"friends_count":6653,"listed_count":216,"favourites_count":4233,"statuses_count":50639,"created_at":"Fri Jan 30 13:07:30 +0000 2009","utc_offset":null,"time_zone":null,"geo_enabled":false,"lang":"en","contributors_enabled":false,"is_translator":false,"profile_background_color":"C0DEED","profile_background_image_url":"http://abs.twimg.com/images/themes/theme1/bg.png","profile_background_image_url_https":"https://abs.twimg.com/images/themes/theme1/bg.png","profile_background_tile":false,"profile_link_color":"0084B4","profile_sidebar_border_color":"C0DEED","profile_sidebar_fill_color":"DDEEF6","profile_text_color":"333333","profile_use_background_image":true,"profile_image_url":"http://pbs.twimg.com/profile_images/654622658676436994/g3zmeM85_normal.jpg","profile_image_url_https":"https://pbs.twimg.com/profile_images/654622658676436994/g3zmeM85_normal.jpg","profile_banner_url":"https://pbs.twimg.com/profile_banners/19766278/1357758061","default_profile":true,"default_profile_image":false,"following":null,"follow_request_sent":null,"notifications":null},"geo":null,"coordinates":null,"place":null,"contributors":null,"quoted_status_id":717557417140174800,"quoted_status_id_str":"717557417140174848","quoted_status":{"created_at":"Wed Apr 06 03:39:54 +0000 2016","id":717557417140174800,"id_str":"717557417140174848","text":"I just donated money to show my unwavering support and gratitude to Donald Trump. https://t.co/6GaExkSdwq #Trump2016 #onlyTrump","source":"<a href=\"http://twitter.com/download/iphone\" rel=\"nofollow\">Twitter for iPhone</a>","truncated":false,"in_reply_to_status_id":null,"in_reply_to_status_id_str":null,"in_reply_to_user_id":null,"in_reply_to_user_id_str":null,"in_reply_to_screen_name":null,"user":{"id":555585097,"id_str":"555585097","name":"SUPERMOM","screen_name":"LadyLifes","location":null,"url":null,"description":"I love life and without naivety, soul deep, still believe in world peace. Mother to 4 amazing daughters and fiercely loyal to @realDonaldTrump for #POTUS","protected":false,"verified":false,"followers_count":201,"friends_count":162,"listed_count":3,"favourites_count":2669,"statuses_count":537,"created_at":"Tue Apr 17 01:50:20 +0000 2012","utc_offset":null,"time_zone":null,"geo_enabled":true,"lang":"en","contributors_enabled":false,"is_translator":false,"profile_background_color":"C0DEED","profile_background_image_url":"http://abs.twimg.com/images/themes/theme1/bg.png","profile_background_image_url_https":"https://abs.twimg.com/images/themes/theme1/bg.png","profile_background_tile":false,"profile_link_color":"0084B4","profile_sidebar_border_color":"C0DEED","profile_sidebar_fill_color":"DDEEF6","profile_text_color":"333333","profile_use_background_image":true,"profile_image_url":"http://pbs.twimg.com/profile_images/715667870248624130/DJrkqifJ_normal.jpg","profile_image_url_https":"https://pbs.twimg.com/profile_images/715667870248624130/DJrkqifJ_normal.jpg","profile_banner_url":"https://pbs.twimg.com/profile_banners/555585097/1459221863","default_profile":true,"default_profile_image":false,"following":null,"follow_request_sent":null,"notifications":null},"geo":null,"coordinates":null,"place":null,"contributors":null,"is_quote_status":false,"retweet_count":0,"favorite_count":0,"entities":{"hashtags":[{"text":"Trump2016","indices":[106,116]},{"text":"onlyTrump","indices":[117,127]}],"urls":[{"url":"https://t.co/6GaExkSdwq","expanded_url":"http://Donaldjtrump.com","display_url":"Donaldjtrump.com","indices":[82,105]}],"user_mentions":[],"symbols":[]},"favorited":false,"retweeted":false,"possibly_sensitive":false,"filter_level":"low","lang":"en"},"is_quote_status":true,"retweet_count":4,"favorite_count":1,"entities":{"hashtags":[],"urls":[{"url":"https://t.co/m2WvpaCJfn","expanded_url":"https://twitter.com/ladylifes/status/717557417140174848","display_url":"twitter.com/ladylifes/stat…","indices":[39,62]}],"user_mentions":[],"symbols":[]},"favorited":false,"retweeted":false,"possibly_sensitive":false,"filter_level":"low","lang":"en"},"is_quote_status":true,"retweet_count":0,"favorite_count":0,"entities":{"hashtags":[],"urls":[{"url":"https://t.co/m2WvpaCJfn","expanded_url":"https://twitter.com/ladylifes/status/717557417140174848","display_url":"twitter.com/ladylifes/stat…","indices":[49,72]}],"user_mentions":[{"screen_name":"ctsa","name":"T.R.","id":19766278,"id_str":"19766278","indices":[3,8]}],"symbols":[]},"favorited":false,"retweeted":false,"possibly_sensitive":false,"filter_level":"low","lang":"en","timestamp_ms":"1459997554718"},{"created_at":"Thu Apr 07 02:52:34 +0000 2016","id":717907894713233400,"id_str":"717907894713233408","text":"RT @StevenErtelt: Donald Trump Cancels Scheduled Call With Pro-Life Leaders After Controversial Statements https://t.co/CwvhjZUZQN https://…","source":"<a href=\"http://twitter.com/download/android\" rel=\"nofollow\">Twitter for Android</a>","truncated":false,"in_reply_to_status_id":null,"in_reply_to_status_id_str":null,"in_reply_to_user_id":null,"in_reply_to_user_id_str":null,"in_reply_to_screen_name":null,"user":{"id":1715470742,"id_str":"1715470742","name":"ICYMI:BossyWoman","screen_name":"New0rleansLady","location":"USA South","url":null,"description":"Followed by The @Ruth_A_Buzzi & @JamesRosenFNC #tcot #ccot #tlot Blocked by @jaketapper (IDKY?) RT does not = endorsement. #NevertRump","protected":false,"verified":false,"followers_count":1436,"friends_count":1936,"listed_count":60,"favourites_count":14982,"statuses_count":26251,"created_at":"Sat Aug 31 11:40:08 +0000 2013","utc_offset":null,"time_zone":null,"geo_enabled":false,"lang":"en","contributors_enabled":false,"is_translator":false,"profile_background_color":"C5EBC3","profile_background_image_url":"http://pbs.twimg.com/profile_background_images/378800000063666733/4b30fc0a969ed2de529e2bf8bde71ca5.jpeg","profile_background_image_url_https":"https://pbs.twimg.com/profile_background_images/378800000063666733/4b30fc0a969ed2de529e2bf8bde71ca5.jpeg","profile_background_tile":true,"profile_link_color":"B30000","profile_sidebar_border_color":"FFFFFF","profile_sidebar_fill_color":"DDEEF6","profile_text_color":"333333","profile_use_background_image":true,"profile_image_url":"http://pbs.twimg.com/profile_images/421618073930432512/mnoZDggB_normal.png","profile_image_url_https":"https://pbs.twimg.com/profile_images/421618073930432512/mnoZDggB_normal.png","profile_banner_url":"https://pbs.twimg.com/profile_banners/1715470742/1419652593","default_profile":false,"default_profile_image":false,"following":null,"follow_request_sent":null,"notifications":null},"geo":null,"coordinates":null,"place":null,"contributors":null,"retweeted_status":{"created_at":"Thu Apr 07 02:45:06 +0000 2016","id":717906015824515100,"id_str":"717906015824515072","text":"Donald Trump Cancels Scheduled Call With Pro-Life Leaders After Controversial Statements https://t.co/CwvhjZUZQN https://t.co/rQe6Yij59L","source":"<a href=\"http://bufferapp.com\" rel=\"nofollow\">Buffer</a>","truncated":false,"in_reply_to_status_id":null,"in_reply_to_status_id_str":null,"in_reply_to_user_id":null,"in_reply_to_user_id_str":null,"in_reply_to_screen_name":null,"user":{"id":254777469,"id_str":"254777469","name":"Steven Ertelt","screen_name":"StevenErtelt","location":"USA","url":"http://www.LifeNews.com","description":"I'm the founder and Editor of http://www.LifeNews.com the world's #1 pro-life web site. Christian, pro-life, Republican, Steelers, baseball and rock music fan.","protected":false,"verified":false,"followers_count":31172,"friends_count":30015,"listed_count":626,"favourites_count":2,"statuses_count":56300,"created_at":"Sun Feb 20 00:22:13 +0000 2011","utc_offset":-21600,"time_zone":"Mountain Time (US & Canada)","geo_enabled":false,"lang":"en","contributors_enabled":false,"is_translator":false,"profile_background_color":"C0DEED","profile_background_image_url":"http://abs.twimg.com/images/themes/theme1/bg.png","profile_background_image_url_https":"https://abs.twimg.com/images/themes/theme1/bg.png","profile_background_tile":false,"profile_link_color":"0084B4","profile_sidebar_border_color":"C0DEED","profile_sidebar_fill_color":"DDEEF6","profile_text_color":"333333","profile_use_background_image":true,"profile_image_url":"http://pbs.twimg.com/profile_images/642811778150215680/8pXSAWep_normal.jpg","profile_image_url_https":"https://pbs.twimg.com/profile_images/642811778150215680/8pXSAWep_normal.jpg","default_profile":true,"default_profile_image":false,"following":null,"follow_request_sent":null,"notifications":null},"geo":null,"coordinates":null,"place":null,"contributors":null,"is_quote_status":false,"retweet_count":4,"favorite_count":2,"entities":{"hashtags":[],"urls":[{"url":"https://t.co/CwvhjZUZQN","expanded_url":"http://buff.ly/1UXq79s","display_url":"buff.ly/1UXq79s","indices":[89,112]}],"user_mentions":[],"symbols":[],"media":[{"id":717906015329587200,"id_str":"717906015329587202","indices":[113,136],"media_url":"http://pbs.twimg.com/media/CfaDt6HWEAIdZZq.jpg","media_url_https":"https://pbs.twimg.com/media/CfaDt6HWEAIdZZq.jpg","url":"https://t.co/rQe6Yij59L","display_url":"pic.twitter.com/rQe6Yij59L","expanded_url":"http://twitter.com/StevenErtelt/status/717906015824515072/photo/1","type":"photo","sizes":{"thumb":{"w":150,"h":150,"resize":"crop"},"large":{"w":699,"h":408,"resize":"fit"},"medium":{"w":600,"h":350,"resize":"fit"},"small":{"w":340,"h":198,"resize":"fit"}}}]},"extended_entities":{"media":[{"id":717906015329587200,"id_str":"717906015329587202","indices":[113,136],"media_url":"http://pbs.twimg.com/media/CfaDt6HWEAIdZZq.jpg","media_url_https":"https://pbs.twimg.com/media/CfaDt6HWEAIdZZq.jpg","url":"https://t.co/rQe6Yij59L","display_url":"pic.twitter.com/rQe6Yij59L","expanded_url":"http://twitter.com/StevenErtelt/status/717906015824515072/photo/1","type":"photo","sizes":{"thumb":{"w":150,"h":150,"resize":"crop"},"large":{"w":699,"h":408,"resize":"fit"},"medium":{"w":600,"h":350,"resize":"fit"},"small":{"w":340,"h":198,"resize":"fit"}}}]},"favorited":false,"retweeted":false,"possibly_sensitive":false,"filter_level":"low","lang":"en"},"is_quote_status":false,"retweet_count":0,"favorite_count":0,"entities":{"hashtags":[],"urls":[{"url":"https://t.co/CwvhjZUZQN","expanded_url":"http://buff.ly/1UXq79s","display_url":"buff.ly/1UXq79s","indices":[107,130]}],"user_mentions":[{"screen_name":"StevenErtelt","name":"Steven Ertelt","id":254777469,"id_str":"254777469","indices":[3,16]}],"symbols":[],"media":[{"id":717906015329587200,"id_str":"717906015329587202","indices":[139,140],"media_url":"http://pbs.twimg.com/media/CfaDt6HWEAIdZZq.jpg","media_url_https":"https://pbs.twimg.com/media/CfaDt6HWEAIdZZq.jpg","url":"https://t.co/rQe6Yij59L","display_url":"pic.twitter.com/rQe6Yij59L","expanded_url":"http://twitter.com/StevenErtelt/status/717906015824515072/photo/1","type":"photo","sizes":{"thumb":{"w":150,"h":150,"resize":"crop"},"large":{"w":699,"h":408,"resize":"fit"},"medium":{"w":600,"h":350,"resize":"fit"},"small":{"w":340,"h":198,"resize":"fit"}},"source_status_id":717906015824515100,"source_status_id_str":"717906015824515072","source_user_id":254777469,"source_user_id_str":"254777469"}]},"extended_entities":{"media":[{"id":717906015329587200,"id_str":"717906015329587202","indices":[139,140],"media_url":"http://pbs.twimg.com/media/CfaDt6HWEAIdZZq.jpg","media_url_https":"https://pbs.twimg.com/media/CfaDt6HWEAIdZZq.jpg","url":"https://t.co/rQe6Yij59L","display_url":"pic.twitter.com/rQe6Yij59L","expanded_url":"http://twitter.com/StevenErtelt/status/717906015824515072/photo/1","type":"photo","sizes":{"thumb":{"w":150,"h":150,"resize":"crop"},"large":{"w":699,"h":408,"resize":"fit"},"medium":{"w":600,"h":350,"resize":"fit"},"small":{"w":340,"h":198,"resize":"fit"}},"source_status_id":717906015824515100,"source_status_id_str":"717906015824515072","source_user_id":254777469,"source_user_id_str":"254777469"}]},"favorited":false,"retweeted":false,"possibly_sensitive":false,"filter_level":"low","lang":"en","timestamp_ms":"1459997554840"},{"created_at":"Thu Apr 07 02:52:34 +0000 2016","id":717907895053058000,"id_str":"717907895053058048","text":"Ann Coulter: Moonies for Cruz –as Coulter is Mooning for #Trump Too bad about Ann. She used to be aware of #irony https://t.co/jwbc110fEI","source":"<a href=\"http://twitter.com\" rel=\"nofollow\">Twitter Web Client</a>","truncated":false,"in_reply_to_status_id":null,"in_reply_to_status_id_str":null,"in_reply_to_user_id":null,"in_reply_to_user_id_str":null,"in_reply_to_screen_name":null,"user":{"id":2741053940,"id_str":"2741053940","name":"Paul Carpenter","screen_name":"lawcat59","location":"Columbia Station,OH","url":null,"description":"Neocon retired lawyer into politics, sports, and the culture, passionate  civilian supporter of our military and its veterans.","protected":false,"verified":false,"followers_count":664,"friends_count":1266,"listed_count":12,"favourites_count":998,"statuses_count":3010,"created_at":"Mon Aug 18 02:41:46 +0000 2014","utc_offset":null,"time_zone":null,"geo_enabled":true,"lang":"en","contributors_enabled":false,"is_translator":false,"profile_background_color":"C0DEED","profile_background_image_url":"http://abs.twimg.com/images/themes/theme1/bg.png","profile_background_image_url_https":"https://abs.twimg.com/images/themes/theme1/bg.png","profile_background_tile":false,"profile_link_color":"0084B4","profile_sidebar_border_color":"C0DEED","profile_sidebar_fill_color":"DDEEF6","profile_text_color":"333333","profile_use_background_image":true,"profile_image_url":"http://pbs.twimg.com/profile_images/528403140765159425/U_IW5CTb_normal.jpeg","profile_image_url_https":"https://pbs.twimg.com/profile_images/528403140765159425/U_IW5CTb_normal.jpeg","profile_banner_url":"https://pbs.twimg.com/profile_banners/2741053940/1416275399","default_profile":true,"default_profile_image":false,"following":null,"follow_request_sent":null,"notifications":null},"geo":null,"coordinates":null,"place":null,"contributors":null,"is_quote_status":false,"retweet_count":0,"favorite_count":0,"entities":{"hashtags":[{"text":"Trump","indices":[57,63]},{"text":"irony","indices":[107,113]}],"urls":[{"url":"https://t.co/jwbc110fEI","expanded_url":"http://www.teaparty.org/ann-coulter-moonies-cruz-153319/?utm_source=rss&utm_medium=rss&utm_campaign=ann-coulter-moonies-cruz","display_url":"teaparty.org/ann-coulter-mo…","indices":[114,137]}],"user_mentions":[],"symbols":[]},"favorited":false,"retweeted":false,"possibly_sensitive":false,"filter_level":"low","lang":"en","timestamp_ms":"1459997554921"},{"created_at":"Thu Apr 07 02:52:34 +0000 2016","id":717907894897803300,"id_str":"717907894897803265","text":"Is Trump Right? A Look at What Obama's Done for Black Community - NBC News https://t.co/5Br7eVxCVc","source":"<a href=\"http://twitter.com/download/iphone\" rel=\"nofollow\">Twitter for iPhone</a>","truncated":false,"in_reply_to_status_id":null,"in_reply_to_status_id_str":null,"in_reply_to_user_id":null,"in_reply_to_user_id_str":null,"in_reply_to_screen_name":null,"user":{"id":4114860372,"id_str":"4114860372","name":"3stringWilliams","screen_name":"pewx319844","location":null,"url":null,"description":"trying to find my way back home, young, black, & gifted...been keeping the computers puten since 1995!","protected":false,"verified":false,"followers_count":244,"friends_count":800,"listed_count":16,"favourites_count":2073,"statuses_count":2489,"created_at":"Tue Nov 03 17:06:08 +0000 2015","utc_offset":null,"time_zone":null,"geo_enabled":true,"lang":"en","contributors_enabled":false,"is_translator":false,"profile_background_color":"C0DEED","profile_background_image_url":"http://abs.twimg.com/images/themes/theme1/bg.png","profile_background_image_url_https":"https://abs.twimg.com/images/themes/theme1/bg.png","profile_background_tile":false,"profile_link_color":"0084B4","profile_sidebar_border_color":"C0DEED","profile_sidebar_fill_color":"DDEEF6","profile_text_color":"333333","profile_use_background_image":true,"profile_image_url":"http://pbs.twimg.com/profile_images/692027746600390656/GoRdEOsn_normal.jpg","profile_image_url_https":"https://pbs.twimg.com/profile_images/692027746600390656/GoRdEOsn_normal.jpg","profile_banner_url":"https://pbs.twimg.com/profile_banners/4114860372/1453540957","default_profile":true,"default_profile_image":false,"following":null,"follow_request_sent":null,"notifications":null},"geo":null,"coordinates":null,"place":null,"contributors":null,"is_quote_status":false,"retweet_count":0,"favorite_count":0,"entities":{"hashtags":[],"urls":[{"url":"https://t.co/5Br7eVxCVc","expanded_url":"http://www.nbcnews.com/news/nbcblk/donald-trump-right-what-obamas-done-black-america-n403881","display_url":"nbcnews.com/news/nbcblk/do…","indices":[75,98]}],"user_mentions":[],"symbols":[]},"favorited":false,"retweeted":false,"possibly_sensitive":false,"filter_level":"low","lang":"en","timestamp_ms":"1459997554884"}]