{"created_at":"Wed Mar 09 23:59:31 +0000 2016","id":707717484053454800,"id_str":"707717484053454849","text":"Cruz aprueba la idea de una convención republicana disputada entre Trump y él – @TerraUSA https://t.co/nrVPc8NFxO","source":"<a href=\"http://ifttt.com\" rel=\"nofollow\">IFTTT</a>","truncated":false,"in_reply_to_status_id":null,"in_reply_to_status_id_str":null,"in_reply_to_user_id":null,"in_reply_to_user_id_str":null,"in_reply_to_screen_name":null,"user":{"id":2314112417,"id_str":"2314112417","name":"757Live USA","screen_name":"757LiveUS","location":"United States","url":"http://www.757Live.co","description":"Get the latest News: international news, features from Africa, the Asia-Pacific, Europe, Latin America, the Middle East, South Asia, and the United States and …","protected":false,"verified":false,"followers_count":369,"friends_count":97,"listed_count":88,"favourites_count":0,"statuses_count":141008,"created_at":"Thu Jan 30 13:14:03 +0000 2014","utc_offset":-28800,"time_zone":"Pacific Time (US & Canada)","geo_enabled":false,"lang":"en","contributors_enabled":false,"is_translator":false,"profile_background_color":"C0DEED","profile_background_image_url":"http://abs.twimg.com/images/themes/theme1/bg.png","profile_background_image_url_https":"https://abs.twimg.com/images/themes/theme1/bg.png","profile_background_tile":false,"profile_link_color":"0084B4","profile_sidebar_border_color":"C0DEED","profile_sidebar_fill_color":"DDEEF6","profile_text_color":"333333","profile_use_background_image":true,"profile_image_url":"http://pbs.twimg.com/profile_images/706109624437624832/1zBqum8A_normal.jpg","profile_image_url_https":"https://pbs.twimg.com/profile_images/706109624437624832/1zBqum8A_normal.jpg","profile_banner_url":"https://pbs.twimg.com/profile_banners/2314112417/1457446137","default_profile":true,"default_profile_image":false,"following":null,"follow_request_sent":null,"notifications":null},"geo":null,"coordinates":null,"place":null,"contributors":null,"is_quote_status":false,"retweet_count":0,"favorite_count":0,"entities":{"hashtags":[],"urls":[{"url":"https://t.co/nrVPc8NFxO","expanded_url":"http://www.757live.co/cruz-aprueba-la-idea-de-una-convencion-republicana-disputada-entre-trump-y-el-terra-com/#utm_source=rss&utm_medium=rss&utm_campaign=cruz-aprueba-la-idea-de-una-convencion-republicana-disputada-entre-trump-y-el-terra-com","display_url":"757live.co/cruz-aprueba-l…","indices":[90,113]}],"user_mentions":[{"screen_name":"TerraUSA","name":"terra.com","id":236491356,"id_str":"236491356","indices":[80,89]}],"symbols":[]},"favorited":false,"retweeted":false,"possibly_sensitive":false,"filter_level":"low","lang":"es","timestamp_ms":"1457567971610"}