[{"created_at":"Mon Apr 18 12:15:28 +0000 2016","id":722035817753890800,"id_str":"722035817753890816","text":"RT @RUCKlN: But 5 years ago he wanted to take over the world when he's on his Donald Trump shit 🤔 https://t.co/elhknwjlf4","source":"<a href=\"http://twitter.com/download/iphone\" rel=\"nofollow\">Twitter for iPhone</a>","truncated":false,"in_reply_to_status_id":null,"in_reply_to_status_id_str":null,"in_reply_to_user_id":null,"in_reply_to_user_id_str":null,"in_reply_to_screen_name":null,"user":{"id":428616724,"id_str":"428616724","name":"Sept 9♍️","screen_name":"Almighttee","location":null,"url":null,"description":"Follow my ig RelloShit / $ydNasty","protected":false,"verified":false,"followers_count":543,"friends_count":499,"listed_count":0,"favourites_count":795,"statuses_count":2698,"created_at":"Mon Dec 05 00:05:36 +0000 2011","utc_offset":-14400,"time_zone":"Eastern Time (US & Canada)","geo_enabled":true,"lang":"en","contributors_enabled":false,"is_translator":false,"profile_background_color":"068F0A","profile_background_image_url":"http://pbs.twimg.com/profile_background_images/551239576/jordan-v-fusion-3m-1__1_.jpg","profile_background_image_url_https":"https://pbs.twimg.com/profile_background_images/551239576/jordan-v-fusion-3m-1__1_.jpg","profile_background_tile":true,"profile_link_color":"000000","profile_sidebar_border_color":"C0DEED","profile_sidebar_fill_color":"DDEEF6","profile_text_color":"333333","profile_use_background_image":true,"profile_image_url":"http://pbs.twimg.com/profile_images/720596776734986240/FN2eqDkT_normal.jpg","profile_image_url_https":"https://pbs.twimg.com/profile_images/720596776734986240/FN2eqDkT_normal.jpg","profile_banner_url":"https://pbs.twimg.com/profile_banners/428616724/1460638634","default_profile":false,"default_profile_image":false,"following":null,"follow_request_sent":null,"notifications":null},"geo":null,"coordinates":null,"place":null,"contributors":null,"retweeted_status":{"created_at":"Fri Mar 11 17:14:15 +0000 2016","id":708340272535449600,"id_str":"708340272535449605","text":"But 5 years ago he wanted to take over the world when he's on his Donald Trump shit 🤔 https://t.co/elhknwjlf4","source":"<a href=\"http://twitter.com/download/iphone\" rel=\"nofollow\">Twitter for iPhone</a>","truncated":false,"in_reply_to_status_id":null,"in_reply_to_status_id_str":null,"in_reply_to_user_id":null,"in_reply_to_user_id_str":null,"in_reply_to_screen_name":null,"user":{"id":2818175459,"id_str":"2818175459","name":"ruckin da hoeologist","screen_name":"RUCKlN","location":null,"url":null,"description":"In 8th grade, my Mexican girlfriend left me for my best friend who had a bigger bag of takis than me. Now I cant trust any hoe..... sc:ruckin_andrew #ULT","protected":false,"verified":false,"followers_count":27545,"friends_count":93,"listed_count":28,"favourites_count":274,"statuses_count":13244,"created_at":"Thu Oct 09 03:04:08 +0000 2014","utc_offset":-21600,"time_zone":"Mountain Time (US & Canada)","geo_enabled":true,"lang":"en","contributors_enabled":false,"is_translator":false,"profile_background_color":"C0DEED","profile_background_image_url":"http://pbs.twimg.com/profile_background_images/542758173593972736/e5ioAgtD.jpeg","profile_background_image_url_https":"https://pbs.twimg.com/profile_background_images/542758173593972736/e5ioAgtD.jpeg","profile_background_tile":false,"profile_link_color":"1B95E0","profile_sidebar_border_color":"C0DEED","profile_sidebar_fill_color":"DDEEF6","profile_text_color":"333333","profile_use_background_image":true,"profile_image_url":"http://pbs.twimg.com/profile_images/685047680452526080/of0tn1Vy_normal.jpg","profile_image_url_https":"https://pbs.twimg.com/profile_images/685047680452526080/of0tn1Vy_normal.jpg","profile_banner_url":"https://pbs.twimg.com/profile_banners/2818175459/1457118548","default_profile":false,"default_profile_image":false,"following":null,"follow_request_sent":null,"notifications":null},"geo":null,"coordinates":null,"place":null,"contributors":null,"is_quote_status":false,"retweet_count":1490,"favorite_count":2182,"entities":{"hashtags":[],"urls":[{"url":"https://t.co/elhknwjlf4","expanded_url":"https://amp.twimg.com/v/c68c33f8-1022-495a-97c1-88d438a515dd","display_url":"amp.twimg.com/v/c68c33f8-102…","indices":[86,109]}],"user_mentions":[],"symbols":[]},"favorited":false,"retweeted":false,"possibly_sensitive":false,"filter_level":"low","lang":"en"},"is_quote_status":false,"retweet_count":0,"favorite_count":0,"entities":{"hashtags":[],"urls":[{"url":"https://t.co/elhknwjlf4","expanded_url":"https://amp.twimg.com/v/c68c33f8-1022-495a-97c1-88d438a515dd","display_url":"amp.twimg.com/v/c68c33f8-102…","indices":[98,121]}],"user_mentions":[{"screen_name":"RUCKlN","name":"ruckin da hoeologist","id":2818175459,"id_str":"2818175459","indices":[3,10]}],"symbols":[]},"favorited":false,"retweeted":false,"possibly_sensitive":false,"filter_level":"low","lang":"en","timestamp_ms":"1460981728386"},{"created_at":"Mon Apr 18 12:15:28 +0000 2016","id":722035819180109800,"id_str":"722035819180109825","text":"RT @SofiaVergara: Stupid fake journal.never again use my name to invent stupid fake news. https://t.co/u39nNMcgai","source":"<a href=\"http://twitter.com/download/iphone\" rel=\"nofollow\">Twitter for iPhone</a>","truncated":false,"in_reply_to_status_id":null,"in_reply_to_status_id_str":null,"in_reply_to_user_id":null,"in_reply_to_user_id_str":null,"in_reply_to_screen_name":null,"user":{"id":1386004753,"id_str":"1386004753","name":"cidoralo","screen_name":"ericuntiee","location":null,"url":"https://www.youtube.com/watch?v=dMqewdJclys","description":"check out my youtube channel and don't forget to subscribe!","protected":false,"verified":false,"followers_count":54,"friends_count":129,"listed_count":0,"favourites_count":211,"statuses_count":1753,"created_at":"Sun Apr 28 03:15:35 +0000 2013","utc_offset":-25200,"time_zone":"Pacific Time (US & Canada)","geo_enabled":false,"lang":"en","contributors_enabled":false,"is_translator":false,"profile_background_color":"000000","profile_background_image_url":"http://abs.twimg.com/images/themes/theme1/bg.png","profile_background_image_url_https":"https://abs.twimg.com/images/themes/theme1/bg.png","profile_background_tile":false,"profile_link_color":"89C9FA","profile_sidebar_border_color":"000000","profile_sidebar_fill_color":"000000","profile_text_color":"000000","profile_use_background_image":false,"profile_image_url":"http://pbs.twimg.com/profile_images/699449490047111168/bLaxOrwt_normal.jpg","profile_image_url_https":"https://pbs.twimg.com/profile_images/699449490047111168/bLaxOrwt_normal.jpg","profile_banner_url":"https://pbs.twimg.com/profile_banners/1386004753/1455595141","default_profile":false,"default_profile_image":false,"following":null,"follow_request_sent":null,"notifications":null},"geo":null,"coordinates":null,"place":null,"contributors":null,"retweeted_status":{"created_at":"Sun Apr 17 16:07:39 +0000 2016","id":721731860905205800,"id_str":"721731860905205761","text":"Stupid fake journal.never again use my name to invent stupid fake news. https://t.co/u39nNMcgai","source":"<a href=\"http://twitter.com/download/iphone\" rel=\"nofollow\">Twitter for iPhone</a>","truncated":false,"in_reply_to_status_id":null,"in_reply_to_status_id_str":null,"in_reply_to_user_id":null,"in_reply_to_user_id_str":null,"in_reply_to_screen_name":null,"user":{"id":91390383,"id_str":"91390383","name":"Sofia Vergara","screen_name":"SofiaVergara","location":null,"url":"http://www.sofiavergara.com","description":"Modern Family!","protected":false,"verified":true,"followers_count":8921952,"friends_count":70,"listed_count":18094,"favourites_count":68,"statuses_count":5665,"created_at":"Fri Nov 20 17:55:25 +0000 2009","utc_offset":-25200,"time_zone":"Pacific Time (US & Canada)","geo_enabled":false,"lang":"en","contributors_enabled":false,"is_translator":false,"profile_background_color":"131516","profile_background_image_url":"http://abs.twimg.com/images/themes/theme14/bg.gif","profile_background_image_url_https":"https://abs.twimg.com/images/themes/theme14/bg.gif","profile_background_tile":true,"profile_link_color":"009999","profile_sidebar_border_color":"EEEEEE","profile_sidebar_fill_color":"EFEFEF","profile_text_color":"333333","profile_use_background_image":true,"profile_image_url":"http://pbs.twimg.com/profile_images/658505291961511937/bDnKjp-5_normal.jpg","profile_image_url_https":"https://pbs.twimg.com/profile_images/658505291961511937/bDnKjp-5_normal.jpg","default_profile":false,"default_profile_image":false,"following":null,"follow_request_sent":null,"notifications":null},"geo":null,"coordinates":null,"place":null,"contributors":null,"is_quote_status":false,"retweet_count":14622,"favorite_count":19068,"entities":{"hashtags":[],"urls":[{"url":"https://t.co/u39nNMcgai","expanded_url":"http://thejournaldaily.com/entertainment/sofia-vergara-endorses-donald-trump-for-the-presidency/","display_url":"thejournaldaily.com/entertainment/…","indices":[72,95]}],"user_mentions":[],"symbols":[]},"favorited":false,"retweeted":false,"possibly_sensitive":false,"filter_level":"low","lang":"en"},"is_quote_status":false,"retweet_count":0,"favorite_count":0,"entities":{"hashtags":[],"urls":[{"url":"https://t.co/u39nNMcgai","expanded_url":"http://thejournaldaily.com/entertainment/sofia-vergara-endorses-donald-trump-for-the-presidency/","display_url":"thejournaldaily.com/entertainment/…","indices":[90,113]}],"user_mentions":[{"screen_name":"SofiaVergara","name":"Sofia Vergara","id":91390383,"id_str":"91390383","indices":[3,16]}],"symbols":[]},"favorited":false,"retweeted":false,"possibly_sensitive":false,"filter_level":"low","lang":"en","timestamp_ms":"1460981728726"},{"created_at":"Mon Apr 18 12:15:28 +0000 2016","id":722035820224335900,"id_str":"722035820224335874","text":"RT @snydersas: NK official calls out Trump for inflammatory rhetoric: gotta protect your brand from upstarts @CNNPolitics https://t.co/mUKB…","source":"<a href=\"http://twitter.com/download/iphone\" rel=\"nofollow\">Twitter for iPhone</a>","truncated":false,"in_reply_to_status_id":null,"in_reply_to_status_id_str":null,"in_reply_to_user_id":null,"in_reply_to_user_id_str":null,"in_reply_to_screen_name":null,"user":{"id":494455566,"id_str":"494455566","name":"Nick Bisley","screen_name":"NickBisley","location":"La Trobe University, Australia","url":"http://www.latrobe.edu.au/asia","description":"Executive Director, La Trobe Asia, Professor of International Relations at La Trobe University and Editor in Chief  Australian Journal of International Affairs.","protected":false,"verified":false,"followers_count":1943,"friends_count":792,"listed_count":81,"favourites_count":128,"statuses_count":7039,"created_at":"Thu Feb 16 22:41:42 +0000 2012","utc_offset":-25200,"time_zone":"Pacific Time (US & Canada)","geo_enabled":false,"lang":"en","contributors_enabled":false,"is_translator":false,"profile_background_color":"C0DEED","profile_background_image_url":"http://abs.twimg.com/images/themes/theme1/bg.png","profile_background_image_url_https":"https://abs.twimg.com/images/themes/theme1/bg.png","profile_background_tile":false,"profile_link_color":"0084B4","profile_sidebar_border_color":"C0DEED","profile_sidebar_fill_color":"DDEEF6","profile_text_color":"333333","profile_use_background_image":true,"profile_image_url":"http://pbs.twimg.com/profile_images/561622760737083392/gcbXRktu_normal.jpeg","profile_image_url_https":"https://pbs.twimg.com/profile_images/561622760737083392/gcbXRktu_normal.jpeg","profile_banner_url":"https://pbs.twimg.com/profile_banners/494455566/1422931571","default_profile":true,"default_profile_image":false,"following":null,"follow_request_sent":null,"notifications":null},"geo":null,"coordinates":null,"place":null,"contributors":null,"retweeted_status":{"created_at":"Mon Apr 18 12:04:43 +0000 2016","id":722033113769992200,"id_str":"722033113769992193","text":"NK official calls out Trump for inflammatory rhetoric: gotta protect your brand from upstarts @CNNPolitics https://t.co/mUKBsDM8n4","source":"<a href=\"http://twitter.com\" rel=\"nofollow\">Twitter Web Client</a>","truncated":false,"in_reply_to_status_id":null,"in_reply_to_status_id_str":null,"in_reply_to_user_id":null,"in_reply_to_user_id_str":null,"in_reply_to_screen_name":null,"user":{"id":860275999,"id_str":"860275999","name":"Scott Snyder","screen_name":"snydersas","location":"Washington, DC","url":"http://blogs.cfr.org/asia/","description":"Senior Fellow for Korea Studies, Council on Foreign Relations.  All opinions I express are my own. A RT is not an endorsement.","protected":false,"verified":false,"followers_count":3728,"friends_count":506,"listed_count":211,"favourites_count":0,"statuses_count":1949,"created_at":"Wed Oct 03 20:09:51 +0000 2012","utc_offset":-14400,"time_zone":"Eastern Time (US & Canada)","geo_enabled":false,"lang":"en","contributors_enabled":false,"is_translator":false,"profile_background_color":"9AE4E8","profile_background_image_url":"http://abs.twimg.com/images/themes/theme16/bg.gif","profile_background_image_url_https":"https://abs.twimg.com/images/themes/theme16/bg.gif","profile_background_tile":false,"profile_link_color":"0084B4","profile_sidebar_border_color":"BDDCAD","profile_sidebar_fill_color":"DDFFCC","profile_text_color":"333333","profile_use_background_image":true,"profile_image_url":"http://pbs.twimg.com/profile_images/2680680599/19ebc61caeac7de1adec1aa77e033d89_normal.jpeg","profile_image_url_https":"https://pbs.twimg.com/profile_images/2680680599/19ebc61caeac7de1adec1aa77e033d89_normal.jpeg","default_profile":false,"default_profile_image":false,"following":null,"follow_request_sent":null,"notifications":null},"geo":null,"coordinates":null,"place":null,"contributors":null,"is_quote_status":false,"retweet_count":1,"favorite_count":0,"entities":{"hashtags":[],"urls":[{"url":"https://t.co/mUKBsDM8n4","expanded_url":"http://www.cnn.com/videos/world/2016/04/17/north-korea-trump-reaction-ripley-pkg.cnn/video/playlists/north-korea-tensions/","display_url":"cnn.com/videos/world/2…","indices":[107,130]}],"user_mentions":[{"screen_name":"CNNPolitics","name":"CNN Politics","id":13850422,"id_str":"13850422","indices":[94,106]}],"symbols":[]},"favorited":false,"retweeted":false,"possibly_sensitive":false,"filter_level":"low","lang":"en"},"is_quote_status":false,"retweet_count":0,"favorite_count":0,"entities":{"hashtags":[],"urls":[{"url":"https://t.co/mUKBsDM8n4","expanded_url":"http://www.cnn.com/videos/world/2016/04/17/north-korea-trump-reaction-ripley-pkg.cnn/video/playlists/north-korea-tensions/","display_url":"cnn.com/videos/world/2…","indices":[122,140]}],"user_mentions":[{"screen_name":"snydersas","name":"Scott Snyder","id":860275999,"id_str":"860275999","indices":[3,13]},{"screen_name":"CNNPolitics","name":"CNN Politics","id":13850422,"id_str":"13850422","indices":[109,121]}],"symbols":[]},"favorited":false,"retweeted":false,"possibly_sensitive":false,"filter_level":"low","lang":"en","timestamp_ms":"1460981728975"},{"created_at":"Mon Apr 18 12:15:29 +0000 2016","id":722035821851840500,"id_str":"722035821851840512","text":"Donald Trump: Thank you, Pennsylvania! A great way to start this Monday morning! Have a great day- I will be back... https://t.co/rsGEYME5hs","source":"<a href=\"http://www.facebook.com/twitter\" rel=\"nofollow\">Facebook</a>","truncated":false,"in_reply_to_status_id":null,"in_reply_to_status_id_str":null,"in_reply_to_user_id":null,"in_reply_to_user_id_str":null,"in_reply_to_screen_name":null,"user":{"id":288837868,"id_str":"288837868","name":"Youth for Palin","screen_name":"YouthforPalin","location":"National Group","url":"https://www.facebook.com/YouthForPalinFanPage","description":"Youth for Palin Inc. is a political organization consisting of many like-minded people, young and old, who support Alaskan Governor Sarah Palin #TrumpTrain","protected":false,"verified":false,"followers_count":1165,"friends_count":998,"listed_count":74,"favourites_count":389,"statuses_count":52890,"created_at":"Wed Apr 27 15:07:56 +0000 2011","utc_offset":-14400,"time_zone":"Eastern Time (US & Canada)","geo_enabled":false,"lang":"en","contributors_enabled":false,"is_translator":false,"profile_background_color":"C0DEED","profile_background_image_url":"http://pbs.twimg.com/profile_background_images/240615938/Youth_for_Palin_Logo__3.png","profile_background_image_url_https":"https://pbs.twimg.com/profile_background_images/240615938/Youth_for_Palin_Logo__3.png","profile_background_tile":true,"profile_link_color":"B3007A","profile_sidebar_border_color":"000000","profile_sidebar_fill_color":"DDEEF6","profile_text_color":"333333","profile_use_background_image":true,"profile_image_url":"http://pbs.twimg.com/profile_images/453026070329978880/TL34_qWk_normal.jpeg","profile_image_url_https":"https://pbs.twimg.com/profile_images/453026070329978880/TL34_qWk_normal.jpeg","profile_banner_url":"https://pbs.twimg.com/profile_banners/288837868/1399950464","default_profile":false,"default_profile_image":false,"following":null,"follow_request_sent":null,"notifications":null},"geo":null,"coordinates":null,"place":null,"contributors":null,"is_quote_status":false,"retweet_count":0,"favorite_count":0,"entities":{"hashtags":[],"urls":[{"url":"https://t.co/rsGEYME5hs","expanded_url":"http://fb.me/13nPCkzo6","display_url":"fb.me/13nPCkzo6","indices":[117,140]}],"user_mentions":[],"symbols":[]},"favorited":false,"retweeted":false,"possibly_sensitive":false,"filter_level":"low","lang":"en","timestamp_ms":"1460981729363"},{"created_at":"Mon Apr 18 12:15:29 +0000 2016","id":722035821809770500,"id_str":"722035821809770496","text":"RT @TraceyTheisen: Attn #California #Trump supporters, it's time 4 action. Signup 2 help, even hour makes difference + meet great ppl.  htt…","source":"<a href=\"http://twitter.com\" rel=\"nofollow\">Twitter Web Client</a>","truncated":false,"in_reply_to_status_id":null,"in_reply_to_status_id_str":null,"in_reply_to_user_id":null,"in_reply_to_user_id_str":null,"in_reply_to_screen_name":null,"user":{"id":1375084074,"id_str":"1375084074","name":"TRUMP *** TRUMP","screen_name":"38_milo","location":"New England ","url":null,"description":"History buff ... conservative ...  #CSPANfan ... independent voter ... Voted for Trump","protected":false,"verified":false,"followers_count":2368,"friends_count":1990,"listed_count":187,"favourites_count":3068,"statuses_count":57531,"created_at":"Tue Apr 23 17:41:02 +0000 2013","utc_offset":-14400,"time_zone":"Eastern Time (US & Canada)","geo_enabled":false,"lang":"en","contributors_enabled":false,"is_translator":false,"profile_background_color":"000000","profile_background_image_url":"http://abs.twimg.com/images/themes/theme4/bg.gif","profile_background_image_url_https":"https://abs.twimg.com/images/themes/theme4/bg.gif","profile_background_tile":false,"profile_link_color":"DD2E44","profile_sidebar_border_color":"000000","profile_sidebar_fill_color":"000000","profile_text_color":"000000","profile_use_background_image":false,"profile_image_url":"http://pbs.twimg.com/profile_images/717681092317351936/FZaS7M5C_normal.jpg","profile_image_url_https":"https://pbs.twimg.com/profile_images/717681092317351936/FZaS7M5C_normal.jpg","profile_banner_url":"https://pbs.twimg.com/profile_banners/1375084074/1459943403","default_profile":false,"default_profile_image":false,"following":null,"follow_request_sent":null,"notifications":null},"geo":null,"coordinates":null,"place":null,"contributors":null,"retweeted_status":{"created_at":"Wed Apr 13 07:48:57 +0000 2016","id":720156806564028400,"id_str":"720156806564028416","text":"Attn #California #Trump supporters, it's time 4 action. Signup 2 help, even hour makes difference + meet great ppl.  https://t.co/oYveE9TQVj","source":"<a href=\"http://twitter.com/#!/download/ipad\" rel=\"nofollow\">Twitter for iPad</a>","truncated":false,"in_reply_to_status_id":null,"in_reply_to_status_id_str":null,"in_reply_to_user_id":null,"in_reply_to_user_id_str":null,"in_reply_to_screen_name":null,"user":{"id":155718531,"id_str":"155718531","name":"Tracey Theisen, MBA","screen_name":"TraceyTheisen","location":"Phoenix, AZ","url":null,"description":"Patriot, Capitalist, Fortune 300, Nonprofit, Writer, #1A, #2A, #TCOT, #SupportOurVets, #ProMilitary, #BlueLivesMatter, #TrumpTrain, #Trump2016 #Dodgers","protected":false,"verified":false,"followers_count":3311,"friends_count":5000,"listed_count":16,"favourites_count":1808,"statuses_count":834,"created_at":"Mon Jun 14 22:40:50 +0000 2010","utc_offset":-25200,"time_zone":"Arizona","geo_enabled":false,"lang":"en","contributors_enabled":false,"is_translator":false,"profile_background_color":"C0DEED","profile_background_image_url":"http://abs.twimg.com/images/themes/theme1/bg.png","profile_background_image_url_https":"https://abs.twimg.com/images/themes/theme1/bg.png","profile_background_tile":false,"profile_link_color":"0084B4","profile_sidebar_border_color":"C0DEED","profile_sidebar_fill_color":"DDEEF6","profile_text_color":"333333","profile_use_background_image":true,"profile_image_url":"http://pbs.twimg.com/profile_images/1261253796/J31B3QV5_normal","profile_image_url_https":"https://pbs.twimg.com/profile_images/1261253796/J31B3QV5_normal","profile_banner_url":"https://pbs.twimg.com/profile_banners/155718531/1456042733","default_profile":true,"default_profile_image":false,"following":null,"follow_request_sent":null,"notifications":null},"geo":null,"coordinates":null,"place":null,"contributors":null,"quoted_status_id":719986435487445000,"quoted_status_id_str":"719986435487444992","quoted_status":{"created_at":"Tue Apr 12 20:31:57 +0000 2016","id":719986435487445000,"id_str":"719986435487444992","text":"Pleased to join Mr. Trump's team to help deliver California for @realdonaldtrump.  https://t.co/NHNJ9i7XVQ","source":"<a href=\"http://twitter.com\" rel=\"nofollow\">Twitter Web Client</a>","truncated":false,"in_reply_to_status_id":null,"in_reply_to_status_id_str":null,"in_reply_to_user_id":null,"in_reply_to_user_id_str":null,"in_reply_to_screen_name":null,"user":{"id":18951125,"id_str":"18951125","name":"Tim S Clark","screen_name":"TimSClark","location":"Sacramento, CA","url":"http://www.ClarkStrategyGroup.com","description":"California State Director, \nDonald J. Trump for President 2016.","protected":false,"verified":false,"followers_count":2819,"friends_count":160,"listed_count":26,"favourites_count":3,"statuses_count":165,"created_at":"Tue Jan 13 20:09:14 +0000 2009","utc_offset":-25200,"time_zone":"Pacific Time (US & Canada)","geo_enabled":false,"lang":"en","contributors_enabled":false,"is_translator":false,"profile_background_color":"C6E2EE","profile_background_image_url":"http://pbs.twimg.com/profile_background_images/378800000055290833/a34b32e814022aed62febaf295777e3c.jpeg","profile_background_image_url_https":"https://pbs.twimg.com/profile_background_images/378800000055290833/a34b32e814022aed62febaf295777e3c.jpeg","profile_background_tile":false,"profile_link_color":"1F98C7","profile_sidebar_border_color":"FFFFFF","profile_sidebar_fill_color":"DAECF4","profile_text_color":"663B12","profile_use_background_image":true,"profile_image_url":"http://pbs.twimg.com/profile_images/378800000325589739/3eca7252fc991c75f490feaae7c80a4a_normal.jpeg","profile_image_url_https":"https://pbs.twimg.com/profile_images/378800000325589739/3eca7252fc991c75f490feaae7c80a4a_normal.jpeg","profile_banner_url":"https://pbs.twimg.com/profile_banners/18951125/1460668488","default_profile":false,"default_profile_image":false,"following":null,"follow_request_sent":null,"notifications":null},"geo":null,"coordinates":null,"place":null,"contributors":null,"is_quote_status":false,"retweet_count":0,"favorite_count":0,"entities":{"hashtags":[],"urls":[{"url":"https://t.co/NHNJ9i7XVQ","expanded_url":"http://tinyurl.com/gronzzv","display_url":"tinyurl.com/gronzzv","indices":[83,106]}],"user_mentions":[{"screen_name":"realDonaldTrump","name":"Donald J. Trump","id":25073877,"id_str":"25073877","indices":[64,80]}],"symbols":[]},"favorited":false,"retweeted":false,"possibly_sensitive":false,"filter_level":"low","lang":"en"},"is_quote_status":true,"retweet_count":30,"favorite_count":30,"entities":{"hashtags":[{"text":"California","indices":[5,16]},{"text":"Trump","indices":[17,23]}],"urls":[{"url":"https://t.co/oYveE9TQVj","expanded_url":"https://twitter.com/timsclark/status/719986435487444992","display_url":"twitter.com/timsclark/stat…","indices":[117,140]}],"user_mentions":[],"symbols":[]},"favorited":false,"retweeted":false,"possibly_sensitive":false,"filter_level":"low","lang":"en"},"is_quote_status":true,"retweet_count":0,"favorite_count":0,"entities":{"hashtags":[{"text":"California","indices":[24,35]},{"text":"Trump","indices":[36,42]}],"urls":[{"url":"https://t.co/oYveE9TQVj","expanded_url":"https://twitter.com/timsclark/status/719986435487444992","display_url":"twitter.com/timsclark/stat…","indices":[139,140]}],"user_mentions":[{"screen_name":"TraceyTheisen","name":"Tracey Theisen, MBA","id":155718531,"id_str":"155718531","indices":[3,17]}],"symbols":[]},"favorited":false,"retweeted":false,"possibly_sensitive":false,"filter_level":"low","lang":"en","timestamp_ms":"1460981729353"}]