[{"created_at":"Mon Apr 25 03:25:59 +0000 2016","id":724439283793301500,"id_str":"724439283793301504","text":"RT @dovorah001: ALL #Cruz &amp; #Kasich do is drive jobs OUT of America while flooding the job market w/migrant workers😡 #Indiana #Trump https:…","source":"<a href=\"http://twitter.com\" rel=\"nofollow\">Twitter Web Client</a>","truncated":false,"in_reply_to_status_id":null,"in_reply_to_status_id_str":null,"in_reply_to_user_id":null,"in_reply_to_user_id_str":null,"in_reply_to_screen_name":null,"user":{"id":125700611,"id_str":"125700611","name":"Mr.Trump POTUS Sir","screen_name":"GoTrumpWin","location":"Memphis, TN","url":null,"description":"RNC votes only for who they like and not people choice Mr.Trump. The results are MrTrumps polls soar higher!!!hahahaha","protected":false,"verified":false,"followers_count":1316,"friends_count":838,"listed_count":83,"favourites_count":22421,"statuses_count":16824,"created_at":"Tue Mar 23 15:52:23 +0000 2010","utc_offset":-25200,"time_zone":"Pacific Time (US & Canada)","geo_enabled":true,"lang":"en","contributors_enabled":false,"is_translator":false,"profile_background_color":"C0DEED","profile_background_image_url":"http://abs.twimg.com/images/themes/theme1/bg.png","profile_background_image_url_https":"https://abs.twimg.com/images/themes/theme1/bg.png","profile_background_tile":false,"profile_link_color":"0084B4","profile_sidebar_border_color":"C0DEED","profile_sidebar_fill_color":"DDEEF6","profile_text_color":"333333","profile_use_background_image":true,"profile_image_url":"http://pbs.twimg.com/profile_images/630428144676159489/T3--SSMU_normal.jpg","profile_image_url_https":"https://pbs.twimg.com/profile_images/630428144676159489/T3--SSMU_normal.jpg","profile_banner_url":"https://pbs.twimg.com/profile_banners/125700611/1439159895","default_profile":true,"default_profile_image":false,"following":null,"follow_request_sent":null,"notifications":null},"geo":null,"coordinates":null,"place":null,"contributors":null,"retweeted_status":{"created_at":"Mon Apr 25 03:13:42 +0000 2016","id":724436194201759700,"id_str":"724436194201759744","text":"ALL #Cruz &amp; #Kasich do is drive jobs OUT of America while flooding the job market w/migrant workers😡 #Indiana #Trump https://t.co/vAoeBjmV5i","source":"<a href=\"http://twitter.com/download/iphone\" rel=\"nofollow\">Twitter for iPhone</a>","truncated":false,"in_reply_to_status_id":null,"in_reply_to_status_id_str":null,"in_reply_to_user_id":null,"in_reply_to_user_id_str":null,"in_reply_to_screen_name":null,"user":{"id":594233612,"id_str":"594233612","name":"dovorah","screen_name":"dovorah001","location":null,"url":null,"description":"Happily married Navy wife Marine daughter Army mom REAGAN Common Sense Conservative❤️ Trauma Surgical Nurse. Not a liberal bone in my body #RNR #NRA #Trump2016","protected":false,"verified":false,"followers_count":5892,"friends_count":4490,"listed_count":140,"favourites_count":78477,"statuses_count":65298,"created_at":"Wed May 30 02:44:02 +0000 2012","utc_offset":-14400,"time_zone":"Eastern Time (US & Canada)","geo_enabled":false,"lang":"en","contributors_enabled":false,"is_translator":false,"profile_background_color":"C0DEED","profile_background_image_url":"http://abs.twimg.com/images/themes/theme1/bg.png","profile_background_image_url_https":"https://abs.twimg.com/images/themes/theme1/bg.png","profile_background_tile":false,"profile_link_color":"0084B4","profile_sidebar_border_color":"C0DEED","profile_sidebar_fill_color":"DDEEF6","profile_text_color":"333333","profile_use_background_image":true,"profile_image_url":"http://pbs.twimg.com/profile_images/701289282707689472/DM8uflXl_normal.png","profile_image_url_https":"https://pbs.twimg.com/profile_images/701289282707689472/DM8uflXl_normal.png","profile_banner_url":"https://pbs.twimg.com/profile_banners/594233612/1449319486","default_profile":true,"default_profile_image":false,"following":null,"follow_request_sent":null,"notifications":null},"geo":null,"coordinates":null,"place":null,"contributors":null,"is_quote_status":false,"retweet_count":6,"favorite_count":2,"entities":{"hashtags":[{"text":"Cruz","indices":[4,9]},{"text":"Kasich","indices":[16,23]},{"text":"Indiana","indices":[105,113]},{"text":"Trump","indices":[114,120]}],"urls":[],"user_mentions":[],"symbols":[],"media":[{"id":724436180633149400,"id_str":"724436180633149440","indices":[121,144],"media_url":"http://pbs.twimg.com/media/Cg223jkUYAApsY0.jpg","media_url_https":"https://pbs.twimg.com/media/Cg223jkUYAApsY0.jpg","url":"https://t.co/vAoeBjmV5i","display_url":"pic.twitter.com/vAoeBjmV5i","expanded_url":"http://twitter.com/dovorah001/status/724436194201759744/photo/1","type":"photo","sizes":{"small":{"w":340,"h":191,"resize":"fit"},"large":{"w":690,"h":388,"resize":"fit"},"thumb":{"w":150,"h":150,"resize":"crop"},"medium":{"w":600,"h":337,"resize":"fit"}}}]},"extended_entities":{"media":[{"id":724436180633149400,"id_str":"724436180633149440","indices":[121,144],"media_url":"http://pbs.twimg.com/media/Cg223jkUYAApsY0.jpg","media_url_https":"https://pbs.twimg.com/media/Cg223jkUYAApsY0.jpg","url":"https://t.co/vAoeBjmV5i","display_url":"pic.twitter.com/vAoeBjmV5i","expanded_url":"http://twitter.com/dovorah001/status/724436194201759744/photo/1","type":"photo","sizes":{"small":{"w":340,"h":191,"resize":"fit"},"large":{"w":690,"h":388,"resize":"fit"},"thumb":{"w":150,"h":150,"resize":"crop"},"medium":{"w":600,"h":337,"resize":"fit"}}},{"id":724436180649963500,"id_str":"724436180649963520","indices":[121,144],"media_url":"http://pbs.twimg.com/media/Cg223joU8AALiUZ.jpg","media_url_https":"https://pbs.twimg.com/media/Cg223joU8AALiUZ.jpg","url":"https://t.co/vAoeBjmV5i","display_url":"pic.twitter.com/vAoeBjmV5i","expanded_url":"http://twitter.com/dovorah001/status/724436194201759744/photo/1","type":"photo","sizes":{"thumb":{"w":150,"h":150,"resize":"crop"},"large":{"w":600,"h":500,"resize":"fit"},"small":{"w":340,"h":283,"resize":"fit"},"medium":{"w":600,"h":500,"resize":"fit"}}},{"id":724436180641542100,"id_str":"724436180641542145","indices":[121,144],"media_url":"http://pbs.twimg.com/media/Cg223jmUcAE8FgT.jpg","media_url_https":"https://pbs.twimg.com/media/Cg223jmUcAE8FgT.jpg","url":"https://t.co/vAoeBjmV5i","display_url":"pic.twitter.com/vAoeBjmV5i","expanded_url":"http://twitter.com/dovorah001/status/724436194201759744/photo/1","type":"photo","sizes":{"large":{"w":1024,"h":1820,"resize":"fit"},"thumb":{"w":150,"h":150,"resize":"crop"},"medium":{"w":600,"h":1067,"resize":"fit"},"small":{"w":340,"h":604,"resize":"fit"}}},{"id":724436181061005300,"id_str":"724436181061005312","indices":[121,144],"media_url":"http://pbs.twimg.com/media/Cg223lKU8AAqDVl.jpg","media_url_https":"https://pbs.twimg.com/media/Cg223lKU8AAqDVl.jpg","url":"https://t.co/vAoeBjmV5i","display_url":"pic.twitter.com/vAoeBjmV5i","expanded_url":"http://twitter.com/dovorah001/status/724436194201759744/photo/1","type":"photo","sizes":{"thumb":{"w":150,"h":150,"resize":"crop"},"medium":{"w":600,"h":300,"resize":"fit"},"small":{"w":340,"h":170,"resize":"fit"},"large":{"w":600,"h":300,"resize":"fit"}}}]},"favorited":false,"retweeted":false,"possibly_sensitive":false,"filter_level":"low","lang":"en"},"is_quote_status":false,"retweet_count":0,"favorite_count":0,"entities":{"hashtags":[{"text":"Cruz","indices":[20,25]},{"text":"Kasich","indices":[32,39]},{"text":"Indiana","indices":[121,129]},{"text":"Trump","indices":[130,136]}],"urls":[],"user_mentions":[{"screen_name":"dovorah001","name":"dovorah","id":594233612,"id_str":"594233612","indices":[3,14]}],"symbols":[],"media":[{"id":724436180633149400,"id_str":"724436180633149440","indices":[143,144],"media_url":"http://pbs.twimg.com/media/Cg223jkUYAApsY0.jpg","media_url_https":"https://pbs.twimg.com/media/Cg223jkUYAApsY0.jpg","url":"https://t.co/vAoeBjmV5i","display_url":"pic.twitter.com/vAoeBjmV5i","expanded_url":"http://twitter.com/dovorah001/status/724436194201759744/photo/1","type":"photo","sizes":{"small":{"w":340,"h":191,"resize":"fit"},"large":{"w":690,"h":388,"resize":"fit"},"thumb":{"w":150,"h":150,"resize":"crop"},"medium":{"w":600,"h":337,"resize":"fit"}},"source_status_id":724436194201759700,"source_status_id_str":"724436194201759744","source_user_id":594233612,"source_user_id_str":"594233612"}]},"extended_entities":{"media":[{"id":724436180633149400,"id_str":"724436180633149440","indices":[143,144],"media_url":"http://pbs.twimg.com/media/Cg223jkUYAApsY0.jpg","media_url_https":"https://pbs.twimg.com/media/Cg223jkUYAApsY0.jpg","url":"https://t.co/vAoeBjmV5i","display_url":"pic.twitter.com/vAoeBjmV5i","expanded_url":"http://twitter.com/dovorah001/status/724436194201759744/photo/1","type":"photo","sizes":{"small":{"w":340,"h":191,"resize":"fit"},"large":{"w":690,"h":388,"resize":"fit"},"thumb":{"w":150,"h":150,"resize":"crop"},"medium":{"w":600,"h":337,"resize":"fit"}},"source_status_id":724436194201759700,"source_status_id_str":"724436194201759744","source_user_id":594233612,"source_user_id_str":"594233612"},{"id":724436180649963500,"id_str":"724436180649963520","indices":[143,144],"media_url":"http://pbs.twimg.com/media/Cg223joU8AALiUZ.jpg","media_url_https":"https://pbs.twimg.com/media/Cg223joU8AALiUZ.jpg","url":"https://t.co/vAoeBjmV5i","display_url":"pic.twitter.com/vAoeBjmV5i","expanded_url":"http://twitter.com/dovorah001/status/724436194201759744/photo/1","type":"photo","sizes":{"thumb":{"w":150,"h":150,"resize":"crop"},"large":{"w":600,"h":500,"resize":"fit"},"small":{"w":340,"h":283,"resize":"fit"},"medium":{"w":600,"h":500,"resize":"fit"}},"source_status_id":724436194201759700,"source_status_id_str":"724436194201759744","source_user_id":594233612,"source_user_id_str":"594233612"},{"id":724436180641542100,"id_str":"724436180641542145","indices":[143,144],"media_url":"http://pbs.twimg.com/media/Cg223jmUcAE8FgT.jpg","media_url_https":"https://pbs.twimg.com/media/Cg223jmUcAE8FgT.jpg","url":"https://t.co/vAoeBjmV5i","display_url":"pic.twitter.com/vAoeBjmV5i","expanded_url":"http://twitter.com/dovorah001/status/724436194201759744/photo/1","type":"photo","sizes":{"large":{"w":1024,"h":1820,"resize":"fit"},"thumb":{"w":150,"h":150,"resize":"crop"},"medium":{"w":600,"h":1067,"resize":"fit"},"small":{"w":340,"h":604,"resize":"fit"}},"source_status_id":724436194201759700,"source_status_id_str":"724436194201759744","source_user_id":594233612,"source_user_id_str":"594233612"},{"id":724436181061005300,"id_str":"724436181061005312","indices":[143,144],"media_url":"http://pbs.twimg.com/media/Cg223lKU8AAqDVl.jpg","media_url_https":"https://pbs.twimg.com/media/Cg223lKU8AAqDVl.jpg","url":"https://t.co/vAoeBjmV5i","display_url":"pic.twitter.com/vAoeBjmV5i","expanded_url":"http://twitter.com/dovorah001/status/724436194201759744/photo/1","type":"photo","sizes":{"thumb":{"w":150,"h":150,"resize":"crop"},"medium":{"w":600,"h":300,"resize":"fit"},"small":{"w":340,"h":170,"resize":"fit"},"large":{"w":600,"h":300,"resize":"fit"}},"source_status_id":724436194201759700,"source_status_id_str":"724436194201759744","source_user_id":594233612,"source_user_id_str":"594233612"}]},"favorited":false,"retweeted":false,"possibly_sensitive":false,"filter_level":"low","lang":"en","timestamp_ms":"1461554759344"},{"created_at":"Mon Apr 25 03:25:59 +0000 2016","id":724439284418146300,"id_str":"724439284418146304","text":"@Campaign_Trump @seanhannity get em Trump!!","source":"<a href=\"http://twitter.com/download/android\" rel=\"nofollow\">Twitter for Android</a>","truncated":false,"in_reply_to_status_id":724422722080497700,"in_reply_to_status_id_str":"724422722080497665","in_reply_to_user_id":3314758074,"in_reply_to_user_id_str":"3314758074","in_reply_to_screen_name":"Campaign_Trump","user":{"id":4847584532,"id_str":"4847584532","name":"xengrl","screen_name":"xengrl","location":null,"url":null,"description":null,"protected":false,"verified":false,"followers_count":50,"friends_count":129,"listed_count":2,"favourites_count":486,"statuses_count":560,"created_at":"Tue Feb 02 04:13:49 +0000 2016","utc_offset":null,"time_zone":null,"geo_enabled":false,"lang":"en","contributors_enabled":false,"is_translator":false,"profile_background_color":"F5F8FA","profile_background_image_url":"","profile_background_image_url_https":"","profile_background_tile":false,"profile_link_color":"2B7BB9","profile_sidebar_border_color":"C0DEED","profile_sidebar_fill_color":"DDEEF6","profile_text_color":"333333","profile_use_background_image":true,"profile_image_url":"http://abs.twimg.com/sticky/default_profile_images/default_profile_0_normal.png","profile_image_url_https":"https://abs.twimg.com/sticky/default_profile_images/default_profile_0_normal.png","default_profile":true,"default_profile_image":true,"following":null,"follow_request_sent":null,"notifications":null},"geo":null,"coordinates":null,"place":null,"contributors":null,"is_quote_status":false,"retweet_count":0,"favorite_count":0,"entities":{"hashtags":[],"urls":[],"user_mentions":[{"screen_name":"Campaign_Trump","name":"JP Moore (REAL)","id":3314758074,"id_str":"3314758074","indices":[0,15]},{"screen_name":"seanhannity","name":"Sean Hannity","id":41634520,"id_str":"41634520","indices":[16,28]}],"symbols":[]},"favorited":false,"retweeted":false,"filter_level":"low","lang":"en","timestamp_ms":"1461554759493"},{"created_at":"Mon Apr 25 03:25:59 +0000 2016","id":724439285693210600,"id_str":"724439285693210624","text":"RT @TFLN: (503): Donald Trump looks like someone photoshopped hair onto a dick pic.","source":"<a href=\"http://twitter.com/download/iphone\" rel=\"nofollow\">Twitter for iPhone</a>","truncated":false,"in_reply_to_status_id":null,"in_reply_to_status_id_str":null,"in_reply_to_user_id":null,"in_reply_to_user_id_str":null,"in_reply_to_screen_name":null,"user":{"id":470823873,"id_str":"470823873","name":"Jeffrey Leary","screen_name":"BlackMamba_53","location":null,"url":null,"description":"Haters are just confused admirers.","protected":false,"verified":false,"followers_count":163,"friends_count":264,"listed_count":4,"favourites_count":9036,"statuses_count":2304,"created_at":"Sun Jan 22 05:51:06 +0000 2012","utc_offset":null,"time_zone":null,"geo_enabled":false,"lang":"en","contributors_enabled":false,"is_translator":false,"profile_background_color":"C0DEED","profile_background_image_url":"http://abs.twimg.com/images/themes/theme1/bg.png","profile_background_image_url_https":"https://abs.twimg.com/images/themes/theme1/bg.png","profile_background_tile":false,"profile_link_color":"0084B4","profile_sidebar_border_color":"C0DEED","profile_sidebar_fill_color":"DDEEF6","profile_text_color":"333333","profile_use_background_image":true,"profile_image_url":"http://pbs.twimg.com/profile_images/590194520387493888/_WVsguSV_normal.jpg","profile_image_url_https":"https://pbs.twimg.com/profile_images/590194520387493888/_WVsguSV_normal.jpg","profile_banner_url":"https://pbs.twimg.com/profile_banners/470823873/1437026558","default_profile":true,"default_profile_image":false,"following":null,"follow_request_sent":null,"notifications":null},"geo":null,"coordinates":null,"place":null,"contributors":null,"retweeted_status":{"created_at":"Mon Apr 25 03:01:05 +0000 2016","id":724433019004702700,"id_str":"724433019004702720","text":"(503): Donald Trump looks like someone photoshopped hair onto a dick pic.","source":"<a href=\"http://bufferapp.com\" rel=\"nofollow\">Buffer</a>","truncated":false,"in_reply_to_status_id":null,"in_reply_to_status_id_str":null,"in_reply_to_user_id":null,"in_reply_to_user_id_str":null,"in_reply_to_screen_name":null,"user":{"id":21506437,"id_str":"21506437","name":"TextsFromLastNight","screen_name":"TFLN","location":"anywhere with cell service","url":"http://textsfromlastnight.com","description":"remember that text that you shouldn't have sent last night? we do... #tfln to submit || shop: @gearfromlast || snapchat: TFLNTV","protected":false,"verified":true,"followers_count":4096077,"friends_count":1635,"listed_count":16853,"favourites_count":202,"statuses_count":13176,"created_at":"Sat Feb 21 18:40:41 +0000 2009","utc_offset":-18000,"time_zone":"Central Time (US & Canada)","geo_enabled":true,"lang":"en","contributors_enabled":false,"is_translator":false,"profile_background_color":"292929","profile_background_image_url":"http://pbs.twimg.com/profile_background_images/68264572/twitterbackground_BPB.jpg","profile_background_image_url_https":"https://pbs.twimg.com/profile_background_images/68264572/twitterbackground_BPB.jpg","profile_background_tile":false,"profile_link_color":"A00912","profile_sidebar_border_color":"000000","profile_sidebar_fill_color":"0A0A0A","profile_text_color":"4F4F4F","profile_use_background_image":false,"profile_image_url":"http://pbs.twimg.com/profile_images/656586239169052672/0lpmuyxT_normal.jpg","profile_image_url_https":"https://pbs.twimg.com/profile_images/656586239169052672/0lpmuyxT_normal.jpg","profile_banner_url":"https://pbs.twimg.com/profile_banners/21506437/1414329406","default_profile":false,"default_profile_image":false,"following":null,"follow_request_sent":null,"notifications":null},"geo":null,"coordinates":null,"place":null,"contributors":null,"is_quote_status":false,"retweet_count":196,"favorite_count":278,"entities":{"hashtags":[],"urls":[],"user_mentions":[],"symbols":[]},"favorited":false,"retweeted":false,"filter_level":"low","lang":"en"},"is_quote_status":false,"retweet_count":0,"favorite_count":0,"entities":{"hashtags":[],"urls":[],"user_mentions":[{"screen_name":"TFLN","name":"TextsFromLastNight","id":21506437,"id_str":"21506437","indices":[3,8]}],"symbols":[]},"favorited":false,"retweeted":false,"filter_level":"low","lang":"en","timestamp_ms":"1461554759797"}]