[{"created_at":"Tue Apr 26 02:31:54 +0000 2016","id":724788061331152900,"id_str":"724788061331152896","text":"I'm becoming addicted to one tree hill","source":"<a href=\"http://twitter.com/download/iphone\" rel=\"nofollow\">Twitter for iPhone</a>","truncated":false,"in_reply_to_status_id":null,"in_reply_to_status_id_str":null,"in_reply_to_user_id":null,"in_reply_to_user_id_str":null,"in_reply_to_screen_name":null,"user":{"id":2235463010,"id_str":"2235463010","name":"Jnork","screen_name":"jessnorkus","location":"New York","url":"http://onedirectionmusic.com","description":null,"protected":false,"verified":false,"followers_count":245,"friends_count":634,"listed_count":1,"favourites_count":6354,"statuses_count":2460,"created_at":"Sun Dec 08 04:14:45 +0000 2013","utc_offset":null,"time_zone":null,"geo_enabled":true,"lang":"en","contributors_enabled":false,"is_translator":false,"profile_background_color":"C0DEED","profile_background_image_url":"http://abs.twimg.com/images/themes/theme1/bg.png","profile_background_image_url_https":"https://abs.twimg.com/images/themes/theme1/bg.png","profile_background_tile":false,"profile_link_color":"0084B4","profile_sidebar_border_color":"C0DEED","profile_sidebar_fill_color":"DDEEF6","profile_text_color":"333333","profile_use_background_image":true,"profile_image_url":"http://pbs.twimg.com/profile_images/721532087589867520/g9B6mhr__normal.jpg","profile_image_url_https":"https://pbs.twimg.com/profile_images/721532087589867520/g9B6mhr__normal.jpg","profile_banner_url":"https://pbs.twimg.com/profile_banners/2235463010/1458861300","default_profile":true,"default_profile_image":false,"following":null,"follow_request_sent":null,"notifications":null},"geo":null,"coordinates":null,"place":{"id":"94965b2c45386f87","url":"https://api.twitter.com/1.1/geo/id/94965b2c45386f87.json","place_type":"admin","name":"New York","full_name":"New York, USA","country_code":"US","country":"United States","bounding_box":{"type":"Polygon","coordinates":[[[-79.76259,40.477383],[-79.76259,45.015851],[-71.777492,45.015851],[-71.777492,40.477383]]]},"attributes":{}},"contributors":null,"is_quote_status":false,"retweet_count":0,"favorite_count":0,"entities":{"hashtags":[],"urls":[],"user_mentions":[],"symbols":[]},"favorited":false,"retweeted":false,"filter_level":"low","lang":"en","timestamp_ms":"1461637914389"},{"created_at":"Tue Apr 26 02:31:54 +0000 2016","id":724788061868052500,"id_str":"724788061868052481","text":"Sandow is saved!! #Raw","source":"<a href=\"http://twitter.com\" rel=\"nofollow\">Twitter Web Client</a>","truncated":false,"in_reply_to_status_id":null,"in_reply_to_status_id_str":null,"in_reply_to_user_id":null,"in_reply_to_user_id_str":null,"in_reply_to_screen_name":null,"user":{"id":130963677,"id_str":"130963677","name":"Beardman 1991","screen_name":"LegendoLegends","location":"Dimension X","url":null,"description":"Anime fan. Hummus enthusiast. Wrestling nut. Bills Fan. Lovable Asshole. Single. 3DS Friend Code 5086-5216-9648","protected":false,"verified":false,"followers_count":849,"friends_count":1941,"listed_count":21,"favourites_count":1168,"statuses_count":68542,"created_at":"Thu Apr 08 21:43:16 +0000 2010","utc_offset":-14400,"time_zone":"Eastern Time (US & Canada)","geo_enabled":true,"lang":"en","contributors_enabled":false,"is_translator":false,"profile_background_color":"022330","profile_background_image_url":"http://abs.twimg.com/images/themes/theme14/bg.gif","profile_background_image_url_https":"https://abs.twimg.com/images/themes/theme14/bg.gif","profile_background_tile":true,"profile_link_color":"3B94D9","profile_sidebar_border_color":"FFFFFF","profile_sidebar_fill_color":"EFEFEF","profile_text_color":"333333","profile_use_background_image":false,"profile_image_url":"http://pbs.twimg.com/profile_images/517793104884019200/_4nXrOcP_normal.jpeg","profile_image_url_https":"https://pbs.twimg.com/profile_images/517793104884019200/_4nXrOcP_normal.jpeg","profile_banner_url":"https://pbs.twimg.com/profile_banners/130963677/1422417257","default_profile":false,"default_profile_image":false,"following":null,"follow_request_sent":null,"notifications":null},"geo":null,"coordinates":null,"place":{"id":"94965b2c45386f87","url":"https://api.twitter.com/1.1/geo/id/94965b2c45386f87.json","place_type":"admin","name":"New York","full_name":"New York, USA","country_code":"US","country":"United States","bounding_box":{"type":"Polygon","coordinates":[[[-79.76259,40.477383],[-79.76259,45.015851],[-71.777492,45.015851],[-71.777492,40.477383]]]},"attributes":{}},"contributors":null,"is_quote_status":false,"retweet_count":0,"favorite_count":0,"entities":{"hashtags":[{"text":"Raw","indices":[18,22]}],"urls":[],"user_mentions":[],"symbols":[]},"favorited":false,"retweeted":false,"filter_level":"low","lang":"en","timestamp_ms":"1461637914517"},{"created_at":"Tue Apr 26 02:31:55 +0000 2016","id":724788064799825900,"id_str":"724788064799825921","text":"Hey Rach","source":"<a href=\"http://twitter.com/download/iphone\" rel=\"nofollow\">Twitter for iPhone</a>","truncated":false,"in_reply_to_status_id":null,"in_reply_to_status_id_str":null,"in_reply_to_user_id":null,"in_reply_to_user_id_str":null,"in_reply_to_screen_name":null,"user":{"id":561311013,"id_str":"561311013","name":"Melanie Psota","screen_name":"mpsota415","location":null,"url":null,"description":"chin up kid, they'd kill to see you fall RPI '18 ΑΦ","protected":false,"verified":false,"followers_count":268,"friends_count":246,"listed_count":1,"favourites_count":5783,"statuses_count":4025,"created_at":"Mon Apr 23 15:31:16 +0000 2012","utc_offset":-10800,"time_zone":"Atlantic Time (Canada)","geo_enabled":true,"lang":"en","contributors_enabled":false,"is_translator":false,"profile_background_color":"DBE9ED","profile_background_image_url":"http://abs.twimg.com/images/themes/theme17/bg.gif","profile_background_image_url_https":"https://abs.twimg.com/images/themes/theme17/bg.gif","profile_background_tile":false,"profile_link_color":"CC3366","profile_sidebar_border_color":"DBE9ED","profile_sidebar_fill_color":"E6F6F9","profile_text_color":"333333","profile_use_background_image":true,"profile_image_url":"http://pbs.twimg.com/profile_images/616406876612333568/VpV1kHhe_normal.jpg","profile_image_url_https":"https://pbs.twimg.com/profile_images/616406876612333568/VpV1kHhe_normal.jpg","profile_banner_url":"https://pbs.twimg.com/profile_banners/561311013/1449599889","default_profile":false,"default_profile_image":false,"following":null,"follow_request_sent":null,"notifications":null},"geo":null,"coordinates":null,"place":{"id":"51cc4a7155935af2","url":"https://api.twitter.com/1.1/geo/id/51cc4a7155935af2.json","place_type":"city","name":"Troy","full_name":"Troy, NY","country_code":"US","country":"United States","bounding_box":{"type":"Polygon","coordinates":[[[-73.724998,42.660879],[-73.724998,42.795001],[-73.649201,42.795001],[-73.649201,42.660879]]]},"attributes":{}},"contributors":null,"is_quote_status":false,"retweet_count":0,"favorite_count":0,"entities":{"hashtags":[],"urls":[],"user_mentions":[],"symbols":[]},"favorited":false,"retweeted":false,"filter_level":"low","lang":"en","timestamp_ms":"1461637915216"},{"created_at":"Tue Apr 26 02:31:56 +0000 2016","id":724788068771893200,"id_str":"724788068771893248","text":"Thank you @TheMakeupShow @JVincentmakeup @TEMPTUPRO @TEMPTU so excited to be picked 😘💜💋 https://t.co/EZHtGxNv2a","source":"<a href=\"http://twitter.com/download/iphone\" rel=\"nofollow\">Twitter for iPhone</a>","truncated":false,"in_reply_to_status_id":null,"in_reply_to_status_id_str":null,"in_reply_to_user_id":null,"in_reply_to_user_id_str":null,"in_reply_to_screen_name":null,"user":{"id":32218670,"id_str":"32218670","name":"Jennifer McCarthy","screen_name":"TrueGraceMakeUp","location":"New York","url":null,"description":"Makeup Artist","protected":false,"verified":false,"followers_count":358,"friends_count":1116,"listed_count":7,"favourites_count":357,"statuses_count":459,"created_at":"Fri Apr 17 00:19:03 +0000 2009","utc_offset":-10800,"time_zone":"Atlantic Time (Canada)","geo_enabled":true,"lang":"en","contributors_enabled":false,"is_translator":false,"profile_background_color":"C0DEED","profile_background_image_url":"http://abs.twimg.com/images/themes/theme1/bg.png","profile_background_image_url_https":"https://abs.twimg.com/images/themes/theme1/bg.png","profile_background_tile":false,"profile_link_color":"0084B4","profile_sidebar_border_color":"C0DEED","profile_sidebar_fill_color":"DDEEF6","profile_text_color":"333333","profile_use_background_image":true,"profile_image_url":"http://pbs.twimg.com/profile_images/462303302190112769/HCNtfw9d_normal.jpeg","profile_image_url_https":"https://pbs.twimg.com/profile_images/462303302190112769/HCNtfw9d_normal.jpeg","profile_banner_url":"https://pbs.twimg.com/profile_banners/32218670/1418967044","default_profile":true,"default_profile_image":false,"following":null,"follow_request_sent":null,"notifications":null},"geo":null,"coordinates":null,"place":{"id":"94965b2c45386f87","url":"https://api.twitter.com/1.1/geo/id/94965b2c45386f87.json","place_type":"admin","name":"New York","full_name":"New York, USA","country_code":"US","country":"United States","bounding_box":{"type":"Polygon","coordinates":[[[-79.76259,40.477383],[-79.76259,45.015851],[-71.777492,45.015851],[-71.777492,40.477383]]]},"attributes":{}},"contributors":null,"is_quote_status":false,"retweet_count":0,"favorite_count":0,"entities":{"hashtags":[],"urls":[],"user_mentions":[{"screen_name":"TheMakeupShow","name":"TheMakeupShow","id":19914747,"id_str":"19914747","indices":[10,24]},{"screen_name":"JVincentmakeup","name":"James Vincent","id":79619221,"id_str":"79619221","indices":[25,40]},{"screen_name":"TEMPTUPRO","name":"TEMPTU PRO","id":26102521,"id_str":"26102521","indices":[41,51]},{"screen_name":"TEMPTU","name":"T E M P T U","id":17750806,"id_str":"17750806","indices":[52,59]}],"symbols":[],"media":[{"id":724788064036511700,"id_str":"724788064036511744","indices":[88,111],"media_url":"http://pbs.twimg.com/media/Cg7253ZW4AAPCDE.jpg","media_url_https":"https://pbs.twimg.com/media/Cg7253ZW4AAPCDE.jpg","url":"https://t.co/EZHtGxNv2a","display_url":"pic.twitter.com/EZHtGxNv2a","expanded_url":"http://twitter.com/TrueGraceMakeUp/status/724788068771893248/photo/1","type":"photo","sizes":{"large":{"w":577,"h":1024,"resize":"fit"},"thumb":{"w":150,"h":150,"resize":"crop"},"small":{"w":340,"h":603,"resize":"fit"},"medium":{"w":577,"h":1024,"resize":"fit"}}}]},"extended_entities":{"media":[{"id":724788064036511700,"id_str":"724788064036511744","indices":[88,111],"media_url":"http://pbs.twimg.com/media/Cg7253ZW4AAPCDE.jpg","media_url_https":"https://pbs.twimg.com/media/Cg7253ZW4AAPCDE.jpg","url":"https://t.co/EZHtGxNv2a","display_url":"pic.twitter.com/EZHtGxNv2a","expanded_url":"http://twitter.com/TrueGraceMakeUp/status/724788068771893248/photo/1","type":"photo","sizes":{"large":{"w":577,"h":1024,"resize":"fit"},"thumb":{"w":150,"h":150,"resize":"crop"},"small":{"w":340,"h":603,"resize":"fit"},"medium":{"w":577,"h":1024,"resize":"fit"}}}]},"favorited":false,"retweeted":false,"possibly_sensitive":false,"filter_level":"low","lang":"en","timestamp_ms":"1461637916163"},{"created_at":"Tue Apr 26 02:31:59 +0000 2016","id":724788081652584400,"id_str":"724788081652584448","text":"@BabyAnimalPics @SophiaFrontale","source":"<a href=\"http://twitter.com/download/iphone\" rel=\"nofollow\">Twitter for iPhone</a>","truncated":false,"in_reply_to_status_id":724312489907855400,"in_reply_to_status_id_str":"724312489907855367","in_reply_to_user_id":1372975219,"in_reply_to_user_id_str":"1372975219","in_reply_to_screen_name":"BabyAnimalPics","user":{"id":1069804824,"id_str":"1069804824","name":"Ant","screen_name":"AnthonyMandell1","location":null,"url":"http://vsco.co/antman1","description":"Official member of the CS Flock. 1/24/16❤️","protected":false,"verified":false,"followers_count":505,"friends_count":431,"listed_count":0,"favourites_count":2881,"statuses_count":1397,"created_at":"Tue Jan 08 02:54:10 +0000 2013","utc_offset":-14400,"time_zone":"Eastern Time (US & Canada)","geo_enabled":true,"lang":"en","contributors_enabled":false,"is_translator":false,"profile_background_color":"C0DEED","profile_background_image_url":"http://abs.twimg.com/images/themes/theme1/bg.png","profile_background_image_url_https":"https://abs.twimg.com/images/themes/theme1/bg.png","profile_background_tile":false,"profile_link_color":"0084B4","profile_sidebar_border_color":"C0DEED","profile_sidebar_fill_color":"DDEEF6","profile_text_color":"333333","profile_use_background_image":true,"profile_image_url":"http://pbs.twimg.com/profile_images/724725800893833216/vWyD8G3U_normal.jpg","profile_image_url_https":"https://pbs.twimg.com/profile_images/724725800893833216/vWyD8G3U_normal.jpg","profile_banner_url":"https://pbs.twimg.com/profile_banners/1069804824/1459656494","default_profile":true,"default_profile_image":false,"following":null,"follow_request_sent":null,"notifications":null},"geo":null,"coordinates":null,"place":{"id":"94965b2c45386f87","url":"https://api.twitter.com/1.1/geo/id/94965b2c45386f87.json","place_type":"admin","name":"New York","full_name":"New York, USA","country_code":"US","country":"United States","bounding_box":{"type":"Polygon","coordinates":[[[-79.76259,40.477383],[-79.76259,45.015851],[-71.777492,45.015851],[-71.777492,40.477383]]]},"attributes":{}},"contributors":null,"is_quote_status":false,"retweet_count":0,"favorite_count":0,"entities":{"hashtags":[],"urls":[],"user_mentions":[{"screen_name":"BabyAnimalPics","name":"Baby Animals","id":1372975219,"id_str":"1372975219","indices":[0,15]},{"screen_name":"SophiaFrontale","name":"soph","id":491880938,"id_str":"491880938","indices":[16,31]}],"symbols":[]},"favorited":false,"retweeted":false,"filter_level":"low","lang":"und","timestamp_ms":"1461637919234"}]